{
  "name": "",
  "displayName": "",
  "description": "",
  "author": "",
  "website": "",
  "version": "",
  "issetuprecipe": false,
  "categories": [],
  "tags": [],
  "steps": [
    {
      "name": "Feature",
      "enable": [
        "Application.Default",
        "cms",
        "OrchardCore.Settings",
        "OrchardCore.Admin",
        "OrchardCore.Contents",
        "OrchardCore.Liquid",
        "OrchardCore.ContentTypes",
        "OrchardCore.Alias",
        "OrchardCore.Apis.GraphQL",
        "OrchardCore.Autoroute",
        "OrchardCore.ContentFields",
        "OrchardCore.ContentPreview",
        "OrchardCore.Contents.FileContentDefinition",
        "OrchardCore.CustomSettings",
        "OrchardCore.Deployment",
        "OrchardCore.Deployment.Remote",
        "OrchardCore.Diagnostics",
        "OrchardCore.DynamicCache",
        "OrchardCore.Resources",
        "OrchardCore.Widgets",
        "OrchardCore.Features",
        "OrchardCore.Feeds",
        "OrchardCore.Flows",
        "OrchardCore.HomeRoute",
        "OrchardCore.Html",
        "OrchardCore.Indexing",
        "OrchardCore.Scripting",
        "OrchardCore.Layers",
        "OrchardCore.Lists",
        "OrchardCore.Lucene",
        "OrchardCore.Markdown",
        "OrchardCore.Media",
        "OrchardCore.Title",
        "OrchardCore.Menu",
        "OrchardCore.Navigation",
        "OrchardCore.Queries",
        "OrchardCore.Users",
        "OrchardCore.Recipes",
        "OrchardCore.Roles",
        "OrchardCore.Templates",
        "OrchardCore.Themes",
        "TheAdmin"
      ],
      "disable": [
        "OrchardCore.AdminMenu",
        "OrchardCore.AdminTemplates",
        "OrchardCore.BackgroundTasks",
        "OrchardCore.ContentFields.Indexing.SQL",
        "OrchardCore.Localization",
        "OrchardCore.ContentLocalization",
        "OrchardCore.ContentLocalization.ContentCulturePicker",
        "OrchardCore.Sitemaps",
        "OrchardCore.ContentLocalization.Sitemaps",
        "OrchardCore.DataProtection.Azure",
        "OrchardCore.Email",
        "OrchardCore.Facebook",
        "OrchardCore.Facebook.Login",
        "OrchardCore.Facebook.Widgets",
        "OrchardCore.Forms",
        "OrchardCore.GitHub.Authentication",
        "OrchardCore.Google.Analytics",
        "OrchardCore.Google.GoogleAuthentication",
        "OrchardCore.HealthChecks",
        "OrchardCore.Https",
        "OrchardCore.Lucene.ContentPicker",
        "OrchardCore.Lucene.Worker",
        "OrchardCore.Media.Cache",
        "OrchardCore.Media.Azure.Storage",
        "OrchardCore.Microsoft.Authentication.AzureAD",
        "OrchardCore.Microsoft.Authentication.MicrosoftAccount",
        "OrchardCore.MiniProfiler",
        "OrchardCore.OpenId",
        "OrchardCore.OpenId.Client",
        "OrchardCore.OpenId.Management",
        "OrchardCore.OpenId.Server",
        "OrchardCore.OpenId.Validation",
        "OrchardCore.Queries.Sql",
        "OrchardCore.ReCaptcha",
        "OrchardCore.ReCaptcha.Users",
        "OrchardCore.XmlRpc",
        "OrchardCore.RemotePublishing",
        "OrchardCore.ResponseCompression",
        "OrchardCore.ReverseProxy",
        "OrchardCore.Setup",
        "OrchardCore.Sitemaps.RazorPages",
        "OrchardCore.Taxonomies",
        "OrchardCore.Tenants",
        "OrchardCore.Tenants.FileProvider",
        "OrchardCore.Twitter",
        "OrchardCore.Twitter.Signin",
        "OrchardCore.Users.ChangeEmail",
        "OrchardCore.Users.Registration",
        "OrchardCore.Users.ResetPassword",
        "OrchardCore.Users.TimeZone",
        "OrchardCore.Workflows",
        "OrchardCore.Workflows.Http",
        "OrchardCore.Workflows.Timers",
        "SafeMode",
        "TheAgencyTheme",
        "TheBlogTheme",
        "TheComingSoonTheme",
        "TheTheme"
      ]
    },
    {
      "name": "Roles",
      "Roles": [
        {
          "Name": "Moderator",
          "Description": "Moderator role",
          "Permissions": [
            "AccessAdminPanel"
          ]
        },
        {
          "Name": "Authenticated",
          "Description": "Authenticated role",
          "Permissions": [
            "ViewContent",
            "GetApiContent"
          ]
        },
        {
          "Name": "Author",
          "Description": "Author role",
          "Permissions": [
            "AccessAdminPanel",
            "PublishOwnContent",
            "EditOwnContent",
            "DeleteOwnContent",
            "PreviewOwnContent",
            "CloneOwnContent",
            "GetApiContent",
            "ManageOwnMedia"
          ]
        },
        {
          "Name": "Contributor",
          "Description": "Contributor role",
          "Permissions": [
            "AccessAdminPanel",
            "EditOwnContent",
            "PreviewOwnContent",
            "CloneOwnContent",
            "GetApiContent",
            "ManageOwnMedia"
          ]
        },
        {
          "Name": "Editor",
          "Description": "Editor role",
          "Permissions": [
            "AccessAdminPanel",
            "PublishContent",
            "EditContent",
            "DeleteContent",
            "PreviewContent",
            "CloneContent",
            "GetApiContent",
            "QueryLuceneApi",
            "ManageMediaContent",
            "ManageQueries",
            "ManageTemplates"
          ]
        },
        {
          "Name": "Administrator",
          "Description": "Administrator role",
          "Permissions": [
            "ManageSettings",
            "AccessAdminPanel",
            "ManageAdminSettings",
            "PublishContent",
            "EditContent",
            "DeleteContent",
            "PreviewContent",
            "CloneContent",
            "GetApiContent",
            "ViewContentTypes",
            "EditContentTypes",
            "SetHomepage",
            "ContentPreview",
            "Import",
            "Export",
            "ManageLayers",
            "ManageIndexes",
            "ManageMediaContent",
            "ManageAttachedMediaFieldsFolder",
            "ManageMenu",
            "ManageQueries",
            "ManageUsers",
            "ManageRoles",
            "AssignRoles",
            "SiteOwner",
            "ManageTemplates",
            "ManageAdminTemplates",
            "ApplyTheme",
            "ExecuteGraphQLMutations"
          ]
        },
        {
          "Name": "Anonymous",
          "Description": "Anonymous role",
          "Permissions": [
            "ViewContent",
            "ExecuteGraphQLMutations",
            "ExecuteGraphQL"
          ]
        }
      ]
    },
    {
      "name": "ContentDefinition",
      "ContentTypes": [
        {
          "Name": "HumanRightsCard",
          "DisplayName": "Human Rights Card",
          "Settings": {
            "ContentTypeSettings": {
              "Creatable": true,
              "Listable": true,
              "Draftable": true,
              "Versionable": true,
              "Securable": true
            },
            "FullTextAspectSettings": {}
          },
          "ContentTypePartDefinitionRecords": [
            {
              "PartName": "HumanRightsCard",
              "Name": "HumanRightsCard",
              "Settings": {
                "ContentTypePartSettings": {
                  "Position": "1"
                }
              }
            },
            {
              "PartName": "TitlePart",
              "Name": "TitlePart",
              "Settings": {
                "ContentTypePartSettings": {
                  "Position": "0"
                }
              }
            },
            {
              "PartName": "HtmlBodyPart",
              "Name": "HtmlBodyPart",
              "Settings": {
                "ContentTypePartSettings": {
                  "Position": "2",
                  "Editor": "Wysiwyg"
                },
                "GraphQLContentTypePartSettings": {},
                "HtmlBodyPartSettings": {},
                "ContentIndexSettings": {}
              }
            }
          ]
        }
      ],
      "ContentParts": [
        {
          "Name": "HtmlBodyPart",
          "Settings": {
            "ContentPartSettings": {
              "Attachable": true,
              "Description": "Provides an HTML Body for your content item."
            }
          },
          "ContentPartFieldDefinitionRecords": []
        },
        {
          "Name": "TitlePart",
          "Settings": {
            "ContentPartSettings": {
              "Attachable": true,
              "Description": "Provides a Title for your content item.",
              "DefaultPosition": "0"
            }
          },
          "ContentPartFieldDefinitionRecords": []
        }
      ]
    }
  ]
}